<?xml version="1.0" encoding="UTF-8"?><!--

 **** Autogenerated file - DO NOT EDIT ****

--><timezones ianaversion="2017b">
 <countryzones>
  <country code="ad" default="Europe/Andorra">
   <id>Europe/Andorra</id>
  </country>
  <country code="ae" default="Asia/Dubai">
   <id>Asia/Dubai</id>
  </country>
  <country code="af" default="Asia/Kabul">
   <id>Asia/Kabul</id>
  </country>
  <country code="ag" default="America/Antigua">
   <id>America/Antigua</id>
  </country>
  <country code="ai" default="America/Anguilla">
   <id>America/Anguilla</id>
  </country>
  <country code="al" default="Europe/Tirane">
   <id>Europe/Tirane</id>
  </country>
  <country code="am" default="Asia/Yerevan">
   <id>Asia/Yerevan</id>
  </country>
  <country code="ao" default="Africa/Luanda">
   <id>Africa/Luanda</id>
  </country>
  <country code="aq" default="Antarctica/McMurdo">
   <id>Antarctica/McMurdo</id>
   <id>Antarctica/DumontDUrville</id>
   <id>Antarctica/Casey</id>
   <id>Antarctica/Davis</id>
   <id>Antarctica/Mawson</id>
   <id>Antarctica/Vostok</id>
   <id>Antarctica/Syowa</id>
   <id>Antarctica/Troll</id>
   <id>Antarctica/Rothera</id>
   <id>Antarctica/Palmer</id>
  </country>
  <country code="ar" default="America/Argentina/Buenos_Aires">
   <id>America/Argentina/Buenos_Aires</id>
   <id>America/Argentina/Cordoba</id>
   <id>America/Argentina/Salta</id>
   <id>America/Argentina/Jujuy</id>
   <id>America/Argentina/Tucuman</id>
   <id>America/Argentina/Catamarca</id>
   <id>America/Argentina/La_Rioja</id>
   <id>America/Argentina/San_Juan</id>
   <id>America/Argentina/Mendoza</id>
   <id>America/Argentina/San_Luis</id>
   <id>America/Argentina/Rio_Gallegos</id>
   <id>America/Argentina/Ushuaia</id>
  </country>
  <country code="as" default="Pacific/Pago_Pago">
   <id>Pacific/Pago_Pago</id>
  </country>
  <country code="at" default="Europe/Vienna">
   <id>Europe/Vienna</id>
  </country>
  <country code="au" default="Australia/Sydney">
   <id>Australia/Sydney</id>
   <id>Australia/Melbourne</id>
   <id>Australia/Brisbane</id>
   <id>Australia/Hobart</id>
   <id>Australia/Currie</id>
   <id>Australia/Lindeman</id>
   <id>Antarctica/Macquarie</id>
   <id>Australia/Lord_Howe</id>
   <id>Australia/Adelaide</id>
   <id>Australia/Broken_Hill</id>
   <id>Australia/Darwin</id>
   <id>Australia/Perth</id>
   <id>Australia/Eucla</id>
  </country>
  <country code="aw" default="America/Aruba">
   <id>America/Aruba</id>
  </country>
  <country code="ax" default="Europe/Mariehamn">
   <id>Europe/Mariehamn</id>
  </country>
  <country code="az" default="Asia/Baku">
   <id>Asia/Baku</id>
  </country>
  <country code="ba" default="Europe/Sarajevo">
   <id>Europe/Sarajevo</id>
  </country>
  <country code="bb" default="America/Barbados">
   <id>America/Barbados</id>
  </country>
  <country code="bd" default="Asia/Dhaka">
   <id>Asia/Dhaka</id>
  </country>
  <country code="be" default="Europe/Brussels">
   <id>Europe/Brussels</id>
  </country>
  <country code="bf" default="Africa/Ouagadougou">
   <id>Africa/Ouagadougou</id>
  </country>
  <country code="bg" default="Europe/Sofia">
   <id>Europe/Sofia</id>
  </country>
  <country code="bh" default="Asia/Bahrain">
   <id>Asia/Bahrain</id>
  </country>
  <country code="bi" default="Africa/Bujumbura">
   <id>Africa/Bujumbura</id>
  </country>
  <country code="bj" default="Africa/Porto-Novo">
   <id>Africa/Porto-Novo</id>
  </country>
  <country code="bl" default="America/St_Barthelemy">
   <id>America/St_Barthelemy</id>
  </country>
  <country code="bm" default="Atlantic/Bermuda">
   <id>Atlantic/Bermuda</id>
  </country>
  <country code="bn" default="Asia/Brunei">
   <id>Asia/Brunei</id>
  </country>
  <country code="bo" default="America/La_Paz">
   <id>America/La_Paz</id>
  </country>
  <country code="bq" default="America/Kralendijk">
   <id>America/Kralendijk</id>
  </country>
  <country code="br" default="America/Noronha">
   <id>America/Noronha</id>
   <id>America/Sao_Paulo</id>
   <id>America/Belem</id>
   <id>America/Fortaleza</id>
   <id>America/Recife</id>
   <id>America/Araguaina</id>
   <id>America/Maceio</id>
   <id>America/Bahia</id>
   <id>America/Santarem</id>
   <id>America/Manaus</id>
   <id>America/Campo_Grande</id>
   <id>America/Cuiaba</id>
   <id>America/Porto_Velho</id>
   <id>America/Boa_Vista</id>
   <id>America/Eirunepe</id>
   <id>America/Rio_Branco</id>
  </country>
  <country code="bs" default="America/Nassau">
   <id>America/Nassau</id>
  </country>
  <country code="bt" default="Asia/Thimphu">
   <id>Asia/Thimphu</id>
  </country>
  <country code="bw" default="Africa/Gaborone">
   <id>Africa/Gaborone</id>
  </country>
  <country code="by" default="Europe/Minsk">
   <id>Europe/Minsk</id>
  </country>
  <country code="bz" default="America/Belize">
   <id>America/Belize</id>
  </country>
  <country code="ca" default="America/St_Johns">
   <id>America/St_Johns</id>
   <id>America/Halifax</id>
   <id>America/Glace_Bay</id>
   <id>America/Moncton</id>
   <id>America/Goose_Bay</id>
   <id>America/Blanc-Sablon</id>
   <id>America/Toronto</id>
   <id>America/Nipigon</id>
   <id>America/Thunder_Bay</id>
   <id>America/Iqaluit</id>
   <id>America/Pangnirtung</id>
   <id>America/Atikokan</id>
   <id>America/Winnipeg</id>
   <id>America/Regina</id>
   <id>America/Rankin_Inlet</id>
   <id>America/Rainy_River</id>
   <id>America/Swift_Current</id>
   <id>America/Resolute</id>
   <id>America/Edmonton</id>
   <id>America/Cambridge_Bay</id>
   <id>America/Yellowknife</id>
   <id>America/Inuvik</id>
   <id>America/Dawson_Creek</id>
   <id>America/Creston</id>
   <id>America/Fort_Nelson</id>
   <id>America/Vancouver</id>
   <id>America/Whitehorse</id>
   <id>America/Dawson</id>
  </country>
  <country code="cc" default="Indian/Cocos">
   <id>Indian/Cocos</id>
  </country>
  <country code="cd" default="Africa/Lubumbashi">
   <id>Africa/Lubumbashi</id>
   <id>Africa/Kinshasa</id>
  </country>
  <country code="cf" default="Africa/Bangui">
   <id>Africa/Bangui</id>
  </country>
  <country code="cg" default="Africa/Brazzaville">
   <id>Africa/Brazzaville</id>
  </country>
  <country code="ch" default="Europe/Zurich">
   <id>Europe/Zurich</id>
  </country>
  <country code="ci" default="Africa/Abidjan">
   <id>Africa/Abidjan</id>
  </country>
  <country code="ck" default="Pacific/Rarotonga">
   <id>Pacific/Rarotonga</id>
  </country>
  <country code="cl" default="America/Punta_Arenas">
   <id>America/Punta_Arenas</id>
   <id>America/Santiago</id>
   <id>Pacific/Easter</id>
  </country>
  <country code="cm" default="Africa/Douala">
   <id>Africa/Douala</id>
  </country>
  <country code="cn" default="Asia/Shanghai">
   <id>Asia/Shanghai</id>
   <id>Asia/Urumqi</id>
  </country>
  <country code="co" default="America/Bogota">
   <id>America/Bogota</id>
  </country>
  <country code="cr" default="America/Costa_Rica">
   <id>America/Costa_Rica</id>
  </country>
  <country code="cu" default="America/Havana">
   <id>America/Havana</id>
  </country>
  <country code="cv" default="Atlantic/Cape_Verde">
   <id>Atlantic/Cape_Verde</id>
  </country>
  <country code="cw" default="America/Curacao">
   <id>America/Curacao</id>
  </country>
  <country code="cx" default="Indian/Christmas">
   <id>Indian/Christmas</id>
  </country>
  <country code="cy" default="Asia/Nicosia">
   <id>Asia/Nicosia</id>
   <id>Asia/Famagusta</id>
  </country>
  <country code="cz" default="Europe/Prague">
   <id>Europe/Prague</id>
  </country>
  <country code="de" default="Europe/Berlin">
   <id>Europe/Berlin</id>
   <id>Europe/Busingen</id>
  </country>
  <country code="dj" default="Africa/Djibouti">
   <id>Africa/Djibouti</id>
  </country>
  <country code="dk" default="Europe/Copenhagen">
   <id>Europe/Copenhagen</id>
  </country>
  <country code="dm" default="America/Dominica">
   <id>America/Dominica</id>
  </country>
  <country code="do" default="America/Santo_Domingo">
   <id>America/Santo_Domingo</id>
  </country>
  <country code="dz" default="Africa/Algiers">
   <id>Africa/Algiers</id>
  </country>
  <country code="ec" default="America/Guayaquil">
   <id>America/Guayaquil</id>
   <id>Pacific/Galapagos</id>
  </country>
  <country code="ee" default="Europe/Tallinn">
   <id>Europe/Tallinn</id>
  </country>
  <country code="eg" default="Africa/Cairo">
   <id>Africa/Cairo</id>
  </country>
  <country code="eh" default="Africa/El_Aaiun">
   <id>Africa/El_Aaiun</id>
  </country>
  <country code="er" default="Africa/Asmara">
   <id>Africa/Asmara</id>
  </country>
  <country code="es" default="Europe/Madrid">
   <id>Europe/Madrid</id>
   <id>Africa/Ceuta</id>
   <id>Atlantic/Canary</id>
  </country>
  <country code="et" default="Africa/Addis_Ababa">
   <id>Africa/Addis_Ababa</id>
  </country>
  <country code="fi" default="Europe/Helsinki">
   <id>Europe/Helsinki</id>
  </country>
  <country code="fj" default="Pacific/Fiji">
   <id>Pacific/Fiji</id>
  </country>
  <country code="fk" default="Atlantic/Stanley">
   <id>Atlantic/Stanley</id>
  </country>
  <country code="fm" default="Pacific/Pohnpei">
   <id>Pacific/Pohnpei</id>
   <id>Pacific/Kosrae</id>
   <id>Pacific/Chuuk</id>
  </country>
  <country code="fo" default="Atlantic/Faroe">
   <id>Atlantic/Faroe</id>
  </country>
  <country code="fr" default="Europe/Paris">
   <id>Europe/Paris</id>
  </country>
  <country code="ga" default="Africa/Libreville">
   <id>Africa/Libreville</id>
  </country>
  <country code="gb" default="Europe/London">
   <id>Europe/London</id>
  </country>
  <country code="gd" default="America/Grenada">
   <id>America/Grenada</id>
  </country>
  <country code="ge" default="Asia/Tbilisi">
   <id>Asia/Tbilisi</id>
  </country>
  <country code="gf" default="America/Cayenne">
   <id>America/Cayenne</id>
  </country>
  <country code="gg" default="Europe/Guernsey">
   <id>Europe/Guernsey</id>
  </country>
  <country code="gh" default="Africa/Accra">
   <id>Africa/Accra</id>
  </country>
  <country code="gi" default="Europe/Gibraltar">
   <id>Europe/Gibraltar</id>
  </country>
  <country code="gl" default="America/Danmarkshavn">
   <id>America/Danmarkshavn</id>
   <id>America/Scoresbysund</id>
   <id>America/Godthab</id>
   <id>America/Thule</id>
  </country>
  <country code="gm" default="Africa/Banjul">
   <id>Africa/Banjul</id>
  </country>
  <country code="gn" default="Africa/Conakry">
   <id>Africa/Conakry</id>
  </country>
  <country code="gp" default="America/Guadeloupe">
   <id>America/Guadeloupe</id>
  </country>
  <country code="gq" default="Africa/Malabo">
   <id>Africa/Malabo</id>
  </country>
  <country code="gr" default="Europe/Athens">
   <id>Europe/Athens</id>
  </country>
  <country code="gs" default="Atlantic/South_Georgia">
   <id>Atlantic/South_Georgia</id>
  </country>
  <country code="gt" default="America/Guatemala">
   <id>America/Guatemala</id>
  </country>
  <country code="gu" default="Pacific/Guam">
   <id>Pacific/Guam</id>
  </country>
  <country code="gw" default="Africa/Bissau">
   <id>Africa/Bissau</id>
  </country>
  <country code="gy" default="America/Guyana">
   <id>America/Guyana</id>
  </country>
  <country code="hk" default="Asia/Hong_Kong">
   <id>Asia/Hong_Kong</id>
  </country>
  <country code="hn" default="America/Tegucigalpa">
   <id>America/Tegucigalpa</id>
  </country>
  <country code="hr" default="Europe/Zagreb">
   <id>Europe/Zagreb</id>
  </country>
  <country code="ht" default="America/Port-au-Prince">
   <id>America/Port-au-Prince</id>
  </country>
  <country code="hu" default="Europe/Budapest">
   <id>Europe/Budapest</id>
  </country>
  <country code="id" default="Asia/Jayapura">
   <id>Asia/Jayapura</id>
   <id>Asia/Makassar</id>
   <id>Asia/Jakarta</id>
   <id>Asia/Pontianak</id>
  </country>
  <country code="ie" default="Europe/Dublin">
   <id>Europe/Dublin</id>
  </country>
  <country code="il" default="Asia/Jerusalem">
   <id>Asia/Jerusalem</id>
  </country>
  <country code="im" default="Europe/Isle_of_Man">
   <id>Europe/Isle_of_Man</id>
  </country>
  <country code="in" default="Asia/Kolkata">
   <id>Asia/Kolkata</id>
  </country>
  <country code="io" default="Indian/Chagos">
   <id>Indian/Chagos</id>
  </country>
  <country code="iq" default="Asia/Baghdad">
   <id>Asia/Baghdad</id>
  </country>
  <country code="ir" default="Asia/Tehran">
   <id>Asia/Tehran</id>
  </country>
  <country code="is" default="Atlantic/Reykjavik">
   <id>Atlantic/Reykjavik</id>
  </country>
  <country code="it" default="Europe/Rome">
   <id>Europe/Rome</id>
  </country>
  <country code="je" default="Europe/Jersey">
   <id>Europe/Jersey</id>
  </country>
  <country code="jm" default="America/Jamaica">
   <id>America/Jamaica</id>
  </country>
  <country code="jo" default="Asia/Amman">
   <id>Asia/Amman</id>
  </country>
  <country code="jp" default="Asia/Tokyo">
   <id>Asia/Tokyo</id>
  </country>
  <country code="ke" default="Africa/Nairobi">
   <id>Africa/Nairobi</id>
  </country>
  <country code="kg" default="Asia/Bishkek">
   <id>Asia/Bishkek</id>
  </country>
  <country code="kh" default="Asia/Phnom_Penh">
   <id>Asia/Phnom_Penh</id>
  </country>
  <country code="ki" default="Pacific/Kiritimati">
   <id>Pacific/Kiritimati</id>
   <id>Pacific/Enderbury</id>
   <id>Pacific/Tarawa</id>
  </country>
  <country code="km" default="Indian/Comoro">
   <id>Indian/Comoro</id>
  </country>
  <country code="kn" default="America/St_Kitts">
   <id>America/St_Kitts</id>
  </country>
  <country code="kp" default="Asia/Pyongyang">
   <id>Asia/Pyongyang</id>
  </country>
  <country code="kr" default="Asia/Seoul">
   <id>Asia/Seoul</id>
  </country>
  <country code="kw" default="Asia/Kuwait">
   <id>Asia/Kuwait</id>
  </country>
  <country code="ky" default="America/Cayman">
   <id>America/Cayman</id>
  </country>
  <country code="kz" default="Asia/Almaty">
   <id>Asia/Almaty</id>
   <id>Asia/Qyzylorda</id>
   <id>Asia/Aqtau</id>
   <id>Asia/Oral</id>
   <id>Asia/Aqtobe</id>
   <id>Asia/Atyrau</id>
  </country>
  <country code="la" default="Asia/Vientiane">
   <id>Asia/Vientiane</id>
  </country>
  <country code="lb" default="Asia/Beirut">
   <id>Asia/Beirut</id>
  </country>
  <country code="lc" default="America/St_Lucia">
   <id>America/St_Lucia</id>
  </country>
  <country code="li" default="Europe/Vaduz">
   <id>Europe/Vaduz</id>
  </country>
  <country code="lk" default="Asia/Colombo">
   <id>Asia/Colombo</id>
  </country>
  <country code="lr" default="Africa/Monrovia">
   <id>Africa/Monrovia</id>
  </country>
  <country code="ls" default="Africa/Maseru">
   <id>Africa/Maseru</id>
  </country>
  <country code="lt" default="Europe/Vilnius">
   <id>Europe/Vilnius</id>
  </country>
  <country code="lu" default="Europe/Luxembourg">
   <id>Europe/Luxembourg</id>
  </country>
  <country code="lv" default="Europe/Riga">
   <id>Europe/Riga</id>
  </country>
  <country code="ly" default="Africa/Tripoli">
   <id>Africa/Tripoli</id>
  </country>
  <country code="ma" default="Africa/Casablanca">
   <id>Africa/Casablanca</id>
  </country>
  <country code="mc" default="Europe/Monaco">
   <id>Europe/Monaco</id>
  </country>
  <country code="md" default="Europe/Chisinau">
   <id>Europe/Chisinau</id>
  </country>
  <country code="me" default="Europe/Podgorica">
   <id>Europe/Podgorica</id>
  </country>
  <country code="mf" default="America/Marigot">
   <id>America/Marigot</id>
  </country>
  <country code="mg" default="Indian/Antananarivo">
   <id>Indian/Antananarivo</id>
  </country>
  <country code="mh" default="Pacific/Majuro">
   <id>Pacific/Majuro</id>
   <id>Pacific/Kwajalein</id>
  </country>
  <country code="mk" default="Europe/Skopje">
   <id>Europe/Skopje</id>
  </country>
  <country code="ml" default="Africa/Bamako">
   <id>Africa/Bamako</id>
  </country>
  <country code="mm" default="Asia/Yangon">
   <id>Asia/Yangon</id>
  </country>
  <country code="mn" default="Asia/Choibalsan">
   <id>Asia/Choibalsan</id>
   <id>Asia/Ulaanbaatar</id>
   <id>Asia/Hovd</id>
  </country>
  <country code="mo" default="Asia/Macau">
   <id>Asia/Macau</id>
  </country>
  <country code="mp" default="Pacific/Saipan">
   <id>Pacific/Saipan</id>
  </country>
  <country code="mq" default="America/Martinique">
   <id>America/Martinique</id>
  </country>
  <country code="mr" default="Africa/Nouakchott">
   <id>Africa/Nouakchott</id>
  </country>
  <country code="ms" default="America/Montserrat">
   <id>America/Montserrat</id>
  </country>
  <country code="mt" default="Europe/Malta">
   <id>Europe/Malta</id>
  </country>
  <country code="mu" default="Indian/Mauritius">
   <id>Indian/Mauritius</id>
  </country>
  <country code="mv" default="Indian/Maldives">
   <id>Indian/Maldives</id>
  </country>
  <country code="mw" default="Africa/Blantyre">
   <id>Africa/Blantyre</id>
  </country>
  <country code="mx" default="America/Mexico_City">
   <id>America/Mexico_City</id>
   <id>America/Merida</id>
   <id>America/Monterrey</id>
   <id>America/Matamoros</id>
   <id>America/Bahia_Banderas</id>
   <id>America/Cancun</id>
   <id>America/Chihuahua</id>
   <id>America/Hermosillo</id>
   <id>America/Mazatlan</id>
   <id>America/Ojinaga</id>
   <id>America/Tijuana</id>
  </country>
  <country code="my" default="Asia/Kuala_Lumpur">
   <id>Asia/Kuala_Lumpur</id>
   <id>Asia/Kuching</id>
  </country>
  <country code="mz" default="Africa/Maputo">
   <id>Africa/Maputo</id>
  </country>
  <country code="na" default="Africa/Windhoek">
   <id>Africa/Windhoek</id>
  </country>
  <country code="nc" default="Pacific/Noumea">
   <id>Pacific/Noumea</id>
  </country>
  <country code="ne" default="Africa/Niamey">
   <id>Africa/Niamey</id>
  </country>
  <country code="nf" default="Pacific/Norfolk">
   <id>Pacific/Norfolk</id>
  </country>
  <country code="ng" default="Africa/Lagos">
   <id>Africa/Lagos</id>
  </country>
  <country code="ni" default="America/Managua">
   <id>America/Managua</id>
  </country>
  <country code="nl" default="Europe/Amsterdam">
   <id>Europe/Amsterdam</id>
  </country>
  <country code="no" default="Europe/Oslo">
   <id>Europe/Oslo</id>
  </country>
  <country code="np" default="Asia/Kathmandu">
   <id>Asia/Kathmandu</id>
  </country>
  <country code="nr" default="Pacific/Nauru">
   <id>Pacific/Nauru</id>
  </country>
  <country code="nu" default="Pacific/Niue">
   <id>Pacific/Niue</id>
  </country>
  <country code="nz" default="Pacific/Auckland">
   <id>Pacific/Auckland</id>
   <id>Pacific/Chatham</id>
  </country>
  <country code="om" default="Asia/Muscat">
   <id>Asia/Muscat</id>
  </country>
  <country code="pa" default="America/Panama">
   <id>America/Panama</id>
  </country>
  <country code="pe" default="America/Lima">
   <id>America/Lima</id>
  </country>
  <country code="pf" default="Pacific/Gambier">
   <id>Pacific/Gambier</id>
   <id>Pacific/Marquesas</id>
   <id>Pacific/Tahiti</id>
  </country>
  <country code="pg" default="Pacific/Port_Moresby">
   <id>Pacific/Port_Moresby</id>
   <id>Pacific/Bougainville</id>
  </country>
  <country code="ph" default="Asia/Manila">
   <id>Asia/Manila</id>
  </country>
  <country code="pk" default="Asia/Karachi">
   <id>Asia/Karachi</id>
  </country>
  <country code="pl" default="Europe/Warsaw">
   <id>Europe/Warsaw</id>
  </country>
  <country code="pm" default="America/Miquelon">
   <id>America/Miquelon</id>
  </country>
  <country code="pn" default="Pacific/Pitcairn">
   <id>Pacific/Pitcairn</id>
  </country>
  <country code="pr" default="America/Puerto_Rico">
   <id>America/Puerto_Rico</id>
  </country>
  <country code="ps" default="Asia/Gaza">
   <id>Asia/Gaza</id>
   <id>Asia/Hebron</id>
  </country>
  <country code="pt" default="Europe/Lisbon">
   <id>Europe/Lisbon</id>
   <id>Atlantic/Madeira</id>
   <id>Atlantic/Azores</id>
  </country>
  <country code="pw" default="Pacific/Palau">
   <id>Pacific/Palau</id>
  </country>
  <country code="py" default="America/Asuncion">
   <id>America/Asuncion</id>
  </country>
  <country code="qa" default="Asia/Qatar">
   <id>Asia/Qatar</id>
  </country>
  <country code="re" default="Indian/Reunion">
   <id>Indian/Reunion</id>
  </country>
  <country code="ro" default="Europe/Bucharest">
   <id>Europe/Bucharest</id>
  </country>
  <country code="rs" default="Europe/Belgrade">
   <id>Europe/Belgrade</id>
  </country>
  <country code="ru" default="Asia/Kamchatka">
   <id>Asia/Kamchatka</id>
   <id>Asia/Anadyr</id>
   <id>Asia/Magadan</id>
   <id>Asia/Sakhalin</id>
   <id>Asia/Srednekolymsk</id>
   <id>Asia/Vladivostok</id>
   <id>Asia/Ust-Nera</id>
   <id>Asia/Yakutsk</id>
   <id>Asia/Chita</id>
   <id>Asia/Khandyga</id>
   <id>Asia/Irkutsk</id>
   <id>Asia/Krasnoyarsk</id>
   <id>Asia/Novosibirsk</id>
   <id>Asia/Barnaul</id>
   <id>Asia/Novokuznetsk</id>
   <id>Asia/Tomsk</id>
   <id>Asia/Omsk</id>
   <id>Asia/Yekaterinburg</id>
   <id>Europe/Samara</id>
   <id>Europe/Astrakhan</id>
   <id>Europe/Ulyanovsk</id>
   <id>Europe/Saratov</id>
   <id>Europe/Moscow</id>
   <id>Europe/Volgograd</id>
   <id>Europe/Kirov</id>
   <id>Europe/Simferopol</id>
   <id>Europe/Kaliningrad</id>
  </country>
  <country code="rw" default="Africa/Kigali">
   <id>Africa/Kigali</id>
  </country>
  <country code="sa" default="Asia/Riyadh">
   <id>Asia/Riyadh</id>
  </country>
  <country code="sb" default="Pacific/Guadalcanal">
   <id>Pacific/Guadalcanal</id>
  </country>
  <country code="sc" default="Indian/Mahe">
   <id>Indian/Mahe</id>
  </country>
  <country code="sd" default="Africa/Khartoum">
   <id>Africa/Khartoum</id>
  </country>
  <country code="se" default="Europe/Stockholm">
   <id>Europe/Stockholm</id>
  </country>
  <country code="sg" default="Asia/Singapore">
   <id>Asia/Singapore</id>
  </country>
  <country code="sh" default="Atlantic/St_Helena">
   <id>Atlantic/St_Helena</id>
  </country>
  <country code="si" default="Europe/Ljubljana">
   <id>Europe/Ljubljana</id>
  </country>
  <country code="sj" default="Arctic/Longyearbyen">
   <id>Arctic/Longyearbyen</id>
  </country>
  <country code="sk" default="Europe/Bratislava">
   <id>Europe/Bratislava</id>
  </country>
  <country code="sl" default="Africa/Freetown">
   <id>Africa/Freetown</id>
  </country>
  <country code="sm" default="Europe/San_Marino">
   <id>Europe/San_Marino</id>
  </country>
  <country code="sn" default="Africa/Dakar">
   <id>Africa/Dakar</id>
  </country>
  <country code="so" default="Africa/Mogadishu">
   <id>Africa/Mogadishu</id>
  </country>
  <country code="sr" default="America/Paramaribo">
   <id>America/Paramaribo</id>
  </country>
  <country code="ss" default="Africa/Juba">
   <id>Africa/Juba</id>
  </country>
  <country code="st" default="Africa/Sao_Tome">
   <id>Africa/Sao_Tome</id>
  </country>
  <country code="sv" default="America/El_Salvador">
   <id>America/El_Salvador</id>
  </country>
  <country code="sx" default="America/Lower_Princes">
   <id>America/Lower_Princes</id>
  </country>
  <country code="sy" default="Asia/Damascus">
   <id>Asia/Damascus</id>
  </country>
  <country code="sz" default="Africa/Mbabane">
   <id>Africa/Mbabane</id>
  </country>
  <country code="tc" default="America/Grand_Turk">
   <id>America/Grand_Turk</id>
  </country>
  <country code="td" default="Africa/Ndjamena">
   <id>Africa/Ndjamena</id>
  </country>
  <country code="tf" default="Indian/Kerguelen">
   <id>Indian/Kerguelen</id>
  </country>
  <country code="tg" default="Africa/Lome">
   <id>Africa/Lome</id>
  </country>
  <country code="th" default="Asia/Bangkok">
   <id>Asia/Bangkok</id>
  </country>
  <country code="tj" default="Asia/Dushanbe">
   <id>Asia/Dushanbe</id>
  </country>
  <country code="tk" default="Pacific/Fakaofo">
   <id>Pacific/Fakaofo</id>
  </country>
  <country code="tl" default="Asia/Dili">
   <id>Asia/Dili</id>
  </country>
  <country code="tm" default="Asia/Ashgabat">
   <id>Asia/Ashgabat</id>
  </country>
  <country code="tn" default="Africa/Tunis">
   <id>Africa/Tunis</id>
  </country>
  <country code="to" default="Pacific/Tongatapu">
   <id>Pacific/Tongatapu</id>
  </country>
  <country code="tr" default="Europe/Istanbul">
   <id>Europe/Istanbul</id>
  </country>
  <country code="tt" default="America/Port_of_Spain">
   <id>America/Port_of_Spain</id>
  </country>
  <country code="tv" default="Pacific/Funafuti">
   <id>Pacific/Funafuti</id>
  </country>
  <country code="tw" default="Asia/Taipei">
   <id>Asia/Taipei</id>
  </country>
  <country code="tz" default="Africa/Dar_es_Salaam">
   <id>Africa/Dar_es_Salaam</id>
  </country>
  <country code="ua" default="Europe/Kiev">
   <id>Europe/Kiev</id>
   <id>Europe/Uzhgorod</id>
   <id>Europe/Zaporozhye</id>
  </country>
  <country code="ug" default="Africa/Kampala">
   <id>Africa/Kampala</id>
  </country>
  <country code="um" default="Pacific/Wake">
   <id>Pacific/Wake</id>
   <id>Pacific/Midway</id>
  </country>
  <country code="us" default="America/New_York">
   <id>America/New_York</id>
   <id>America/Detroit</id>
   <id>America/Kentucky/Louisville</id>
   <id>America/Kentucky/Monticello</id>
   <id>America/Indiana/Indianapolis</id>
   <id>America/Indiana/Vincennes</id>
   <id>America/Indiana/Winamac</id>
   <id>America/Indiana/Marengo</id>
   <id>America/Indiana/Petersburg</id>
   <id>America/Indiana/Vevay</id>
   <id>America/Chicago</id>
   <id>America/Indiana/Knox</id>
   <id>America/Menominee</id>
   <id>America/North_Dakota/Center</id>
   <id>America/North_Dakota/New_Salem</id>
   <id>America/Indiana/Tell_City</id>
   <id>America/North_Dakota/Beulah</id>
   <id>America/Denver</id>
   <id>America/Boise</id>
   <id>America/Phoenix</id>
   <id>America/Los_Angeles</id>
   <id>America/Anchorage</id>
   <id>America/Juneau</id>
   <id>America/Yakutat</id>
   <id>America/Nome</id>
   <id>America/Metlakatla</id>
   <id>America/Sitka</id>
   <id>Pacific/Honolulu</id>
   <id>America/Adak</id>
  </country>
  <country code="uy" default="America/Montevideo">
   <id>America/Montevideo</id>
  </country>
  <country code="uz" default="Asia/Tashkent">
   <id>Asia/Tashkent</id>
   <id>Asia/Samarkand</id>
  </country>
  <country code="va" default="Europe/Vatican">
   <id>Europe/Vatican</id>
  </country>
  <country code="vc" default="America/St_Vincent">
   <id>America/St_Vincent</id>
  </country>
  <country code="ve" default="America/Caracas">
   <id>America/Caracas</id>
  </country>
  <country code="vg" default="America/Tortola">
   <id>America/Tortola</id>
  </country>
  <country code="vi" default="America/St_Thomas">
   <id>America/St_Thomas</id>
  </country>
  <country code="vn" default="Asia/Ho_Chi_Minh">
   <id>Asia/Ho_Chi_Minh</id>
  </country>
  <country code="vu" default="Pacific/Efate">
   <id>Pacific/Efate</id>
  </country>
  <country code="wf" default="Pacific/Wallis">
   <id>Pacific/Wallis</id>
  </country>
  <country code="ws" default="Pacific/Apia">
   <id>Pacific/Apia</id>
  </country>
  <country code="ye" default="Asia/Aden">
   <id>Asia/Aden</id>
  </country>
  <country code="yt" default="Indian/Mayotte">
   <id>Indian/Mayotte</id>
  </country>
  <country code="za" default="Africa/Johannesburg">
   <id>Africa/Johannesburg</id>
  </country>
  <country code="zm" default="Africa/Lusaka">
   <id>Africa/Lusaka</id>
  </country>
  <country code="zw" default="Africa/Harare">
   <id>Africa/Harare</id>
  </country>
 </countryzones>
</timezones>
